<?xml version="1.0" encoding="utf-8"?>
<metadata>
    <layout title="COM_JOOMGALLERY_TITLE_ITEM_VIEW_IMAGE" option="View">
        <message>
                        <![CDATA[COM_JOOMGALLERY_TITLE_ITEM_VIEW_IMAGE_DESC]]>
        </message>
    </layout>
    <fields name="request">
        <fieldset 
            name="request"
            label="COM_JOOMGALLERY_FIELDSET_ITEM_ID_SELECT_LABEL">
            <field
                name="id"
                query="SELECT `id`, `imgtitle` FROM #__joomgallery ORDER BY `id`"
                type="sql"
                key_field="id" 
                value_field="imgtitle"
                label="COM_JOOMGALLERY_ITEM_ID_SELECT_LABEL"
                require="true"
                description="JGLOBAL_SHOW_TITLE_DESC">
            </field>
        </fieldset>
    </fields>
</metadata>
